<Bindings>
  <Layer name="General">
    <Category name="Zygor Guides Viewer">
      <Action name="ZYGOR_TOGGLE_GUIDE_VIEWER">
        <Down>
			ZGV.Viewer:Toggle_GuideViewer()
			--ZGV.Menu:SetTab("settings")
		</Down>
      </Action>
	  <Action name="ZYGOR_NEXT_STEP">
        <Down>
			if not ZGV.Viewer.Frame.TitleBar.nextStep then return end
			ZGV.Viewer.Frame.TitleBar.nextStep:GetHandler("OnMouseDown")(ZGV.Viewer.Frame.TitleBar.nextStep)
			ZGV.Viewer:NextStepButton_OnClick(ZGV.Viewer.Frame.TitleBar.nextStep)
		</Down>
        <Up>
			if not ZGV.Viewer.Frame.TitleBar.nextStep then return end
			ZGV.Viewer.Frame.TitleBar.nextStep:GetHandler("OnMouseUp")(ZGV.Viewer.Frame.TitleBar.nextStep)
		</Up>
      </Action>
	  <Action name="ZYGOR_PREV_STEP">
         <Down>
			if not ZGV.Viewer.Frame.TitleBar.prevStep then return end
			ZGV.Viewer.Frame.TitleBar.prevStep:GetHandler("OnMouseDown")(ZGV.Viewer.Frame.TitleBar.prevStep)
			ZGV.Viewer:PrevStepButton_OnClick(ZGV.Viewer.Frame.TitleBar.prevStep)
		</Down>
        <Up>
			if not ZGV.Viewer.Frame.TitleBar.prevStep then return end
			ZGV.Viewer.Frame.TitleBar.prevStep:GetHandler("OnMouseUp")(ZGV.Viewer.Frame.TitleBar.prevStep)
		</Up>
      </Action>
	  <Action name="ZYGOR_FREE_MOUSE">
        <Down>SetGameCameraUIMode(true)	--Free da mouse!</Down>
      </Action>
    </Category>
  </Layer>
</Bindings>
